FINAL_UNIT_PROCESS_NAME,ORIGINAL_UP_NAME
Access Road (FT) (560),Access Road (FT) (560)
Acquire Wetlands/Riparian Areas,Acquire Wetlands/Riparian Areas
Filter (Activated Bio-),Activated Bio-Filter (ABF)
"Activated Carbon, Granular",Activated Carbon - Granular
"Activated Carbon, Powdered",Activated Carbon - Powdered
"Activated Carbon, Granular","Activated Carbon, Granular"
"Activated Carbon, Powdered","Activated Carbon, Powdered"
"Activated Sludge, Anaerobic/Anoxic/Oxic",Activated Sludge - Anaerobic/Anoxic/Oxic
"Activated Sludge, Complete Mix",Activated Sludge - Complete Mix
"Activated Sludge, Contact Stabilization",Activated Sludge - Contact Stabilization
"Activated Sludge, Conventional",Activated Sludge - Conventional
"Activated Sludge, Extended Aeration",Activated Sludge - Extended Aeration
"Activated Sludge, High Rate",Activated Sludge - High Rate
"Activated Sludge, Other Mode",Activated Sludge - Other Mode
"Activated Sludge, Pure Oxygen",Activated Sludge - Pure Oxygen
"Activated Sludge, Step Aeration",Activated Sludge - Step Aeration
"Activated Sludge, With Biological Denitrification",Activated Sludge With Biological Denitrification
"Activated Sludge, Anaerobic/Anoxic","Activated Sludge, Anaerobic/Anoxic"
"Activated Sludge, Anaerobic/Anoxic/Oxic","Activated Sludge, Anaerobic/Anoxic/Oxic"
"Activated Sludge, Complete Mix","Activated Sludge, Complete Mix"
"Activated Sludge, Contact Stabilization","Activated Sludge, Contact Stabilization"
"Activated Sludge, Conventional","Activated Sludge, Conventional"
"Activated Sludge, Extended Aeration","Activated Sludge, Extended Aeration"
"Activated Sludge, High Rate","Activated Sludge, High Rate"
"Activated Sludge, Other Mode","Activated Sludge, Other Mode"
"Activated Sludge, Pure Oxygen","Activated Sludge, Pure Oxygen"
"Activated Sludge, Step Aeration","Activated Sludge, Step Aeration"
"Activated Sludge, With Biological Denitrification","Activated Sludge, With Biological Denitrification"
"Activated Sludge, with Phosphorus Removal","Activated Sludge, with Phosphorus Removal"
Adit Closures,Adit Closures
Advanced Treatment (Other),Advanced Treatment (Other)
Biosolids Aerated Storage,Aerated Biosolids Storage
Aerated Grit Chambers,Aerated Grit Chambers
"Lagoon, Aerated",Aerated Lagoon
Aeration,Aeration
Aeration,Aeration (general)
Aeration (Post-treatment),Aeration (Post-treatment)
Aeration (Pre-treatment),Aeration (Pre-treatment)
Aeration (Post-treatment),Aeration (post-treatment)
Aeration (Pre-treatment),Aeration (pre-treatment)
Aeration,Aeration System
"Biosolids Aerobic Digestion, Air",Aerobic Digestion - Air
"Biosolids Aerobic Digestion, Oxygen",Aerobic Digestion - Oxygen
Aerobic Unit,Aerobic Unit
"Biosolids Air Drying, Other Media",Air Drying - Other Media
"Biosolids Air Drying, Sand Beds",Air Drying - Sand Beds
Alley Cropping,Alley Cropping
"Chemical Addition (Alum), Primary",Alum Addition - Primary
"Chemical Addition (Alum), Secondary",Alum Addition - Secondary
"Chemical Addition (Alum), Tertiary",Alum Addition - Tertiary
Biosolids Chemical Addition (Alum),Alum Addition To Biosolids
Ammonia Stripping,Ammonia Stripping
"Biosolids Anaerobic Digestion, Other",Anaerobic Digestion
"Biosolids Anaerobic Digestion, Thermophilic",Anaerobic Digestion - Thermophilic
"Lagoon, Anaerobic",Anaerobic Lagoons
Animal Trails and Walkways (AC) (575),Animal Trails and Walkways (AC) (575)
"Biosolids Aerobic Digestion, Autothermal Thermophilic",Autothermal Thermophilic Aerobic Digestion - Air
"Biosolids Aerobic Digestion, Autothermal Thermophilic Oxygen",Autothermal Thermophilic Aerobic Digestion-Oxygn
Screen (Bar Rack and Coarse),Bar Racks & Coarse Screens
"Screen, Bar",Bar Screen
Biological Denitrification,Biological Denitrification
"Biological Denitrification, (Separate Stage)","Biological Denitrification, (Separate Stage)"
Biological Nitrification - Separate Stage,Biological Nitrification - Separate Stage
"Biological Denitrification, (Separate Stage)",Biological Denitrification - Separate Stage
Biological Nutrient Removal,Biological Nutrient Removal
Biological Nutrient Removal (BNR) Membrane Bio-Reactor (MBR),Biological Nutrient Removal (BNR) Membrane Bio-Reactor (MBR)
Biological Nutrient Removal,Biological Nutrient Removal (BNR) - Aeration
"Phosphorus Removal, Biological",Biological Phosphorus Removal
"Phosphorus Removal, Biological (Modified Bardenpho)",Biological Phosphorus Removal - Modified Bardenpho
"Phosphorus Removal, Biological (Phostrip)",Biological Phosphorus Removal - Phostrip
"Biosolids Composting, In-Vessel",Biolosids Composting - In-Vessel
Bioretention Systems,Bioretention Systems
Biosolids (Heat Treatment-Blowers),Biosolids (Heat Treatment-Blowers)
Biosolids Aerated Storage,Biosolids Aerated Storage
"Biosolids Aerobic Digestion, Air","Biosolids Aerobic Digestion, Air"
"Biosolids Aerobic Digestion, Autothermal Thermophilic","Biosolids Aerobic Digestion, Autothermal Thermophilic"
"Biosolids Aerobic Digestion, Autothermal Thermophilic","Biosolids Aerobic Digestion, Autothermal Thermophilic Air"
"Biosolids Aerobic Digestion, Autothermal Thermophilic Oxygen","Biosolids Aerobic Digestion, Autothermal Thermophilic Oxygen"
"Biosolids Aerobic Digestion, Oxygen","Biosolids Aerobic Digestion, Oxygen"
Biosolids Air Drying,Biosolids Air Drying
"Biosolids Air Drying, Other Media","Biosolids Air Drying, Other Media"
"Biosolids Air Drying, Sand Beds","Biosolids Air Drying, Sand Beds"
"Biosolids Anaerobic Digestion, Other",Biosolids Anaerobic Digestion
"Biosolids Anaerobic Digestion, Other","Biosolids Anaerobic Digestion, Other"
"Biosolids Anaerobic Digestion, Thermophilic","Biosolids Anaerobic Digestion, Thermophilic"
"Biosolids Anaerobic Digestion, Mesophilic","Biosolids Anaerobic Digestion, Mesophilic"
Biosolids Chemical Addition (Alum),Biosolids Chemical Addition (Alum)
Biosolids Chemical Addition (Ferric Chloride),Biosolids Chemical Addition (Ferric Chloride)
Biosolids Chemical Addition (Polymer),Biosolids Chemical Addition (Polymer)
Biosolids Co-Incineration With Solid Waste,Biosolids Co-Incineration With Solid Waste
"Biosolids Composting, Static Pile",Biosolids Composting - Static Pile
"Biosolids Composting, Window",Biosolids Composting - Windrow
"Biosolids Composting, In-Vessel","Biosolids Composting, In-Vessel"
"Biosolids Composting, Other","Biosolids Composting, Other"
"Biosolids Composting, Static Pile","Biosolids Composting, Static Pile"
"Biosolids Composting, Window","Biosolids Composting, Window"
"Biosolids Composting, Window","Biosolids Composting, Windrow"
"Biosolids Digestion, Other","Biosolids Digestion, Other"
Biosolids Digestor Gas Utilization Facilities,Biosolids Digestor Gas Utilization Facilities
Biosolids Disposal (Monofil),Biosolids Disposal (Monofil)
Biosolids Disposal (Other),Biosolids Disposal (Other)
Biosolids Distribution And/Or Marketing of Biosolids,Biosolids Distribution And/Or Marketing of Biosolids
Biosolids Distribution And/Or Marketing of Biosolids,Biosolids Distribution And/Or Marketing Of Biosolids
Biosolids Elutriation,Biosolids Elutriation
Biosolids Freezing,Biosolids Freezing
Biosolids Heat Drying,Biosolids Heat Drying
Biosolids Heat Recovery and Utilization,Biosolids Heat Recovery and Utilization
Biosolids Heat Recovery and Utilization,Biosolids Heat Recovery And Utilization
Biosolids Incineration (Other),Biosolids Incineration (Other)
"Biosolids Incineration, Fluidized Bed","Biosolids Incineration, Fluidized Bed"
"Biosolids Incineration, Multiple Hearth","Biosolids Incineration, Multiple Hearth"
Biosolids Lagoon,Biosolids Lagoon
Biosolids Lagoon,Biosolids Lagoons
Biosolids Land Application (Spreading),Biosolids Land Application (Spreading)
Biosolids Land Application (Spreading),Biosolids Land Treatment (Spreading)
"Biosolids Landfill (Interim or Final Cover, MSW)","Biosolids Landfill (Interim or Final Cover, MSW)"
"Biosolids Landfill, daily burial (MSW)","Biosolids Landfill, daily burial (MSW)"
Biosolids Landfill/Trenching,Biosolids Landfill/Trenching
Biosolids Lime Stabilization,Biosolids Lime Stabililization
Biosolids Lime Stabilization,Biosolids Lime Stabilization
Biosolids Mechanical Dewatering (Centrifuge),Biosolids Mechanical Dewatering (Centrifuge)
Biosolids Mechanical Dewatering (Filter Press),Biosolids Mechanical Dewatering (Filter Press)
Biosolids Mechanical Dewatering (Pressure Filter),Biosolids Mechanical Dewatering (Pressure Filter)
Biosolids Mechanical Dewatering (Vacuum Filter),Biosolids Mechanical Dewatering (Vacuum Filter)
Biosolids Mechanical Dewatering (Other),Biosolids Mechanical Dewatering (Other)
Biosolids Other Dewatering,Biosolids Other Dewatering
Biosolids Other Treatment,Biosolids Other Treatment
"Biosolids Surface Disposal, Unlined Facility","Biosolids Surface Disposal, Unlined Facility"
"Biosolids Thickening, Dissolved Air Flotation","Biosolids Thickening, Dissolved Air Flotation"
"Biosolids Thickening, Gravity","Biosolids Thickening, Gravity"
"Biosolids Thickening, Other","Biosolids Thickening, Other"
"Biosolids Thickening, tank","Biosolids Thickening, tank"
Biosolids Wet Air Oxidation,Biosolids Vibration
Biosolids Wet Air Oxidation,Biosolids Wet Air Oxidation
Biosolods (Heat Treatment),Biosolods (Heat Treatment)
BMPs,BMPs
"Disinfection, Breakpoint Chlorination",Breakpoint Chlorination
Brush Management (AC) (314),Brush Management (AC) (314)
Buffer Strips,Buffer Strips
Carbon Regeneration,Carbon Regeneration
Channel Vegetation (AC) (322),Channel Vegetation (AC) (322)
"Chemical Addition (Alum), Primary","Chemical Addition (Alum), Primary"
"Chemical Addition (Alum), Secondary","Chemical Addition (Alum), Secondary"
"Chemical Addition (Alum), Tertiary","Chemical Addition (Alum), Tertiary"
"Chemical Addition (Ferric Chloride), Primary","Chemical Addition (Ferric Chloride), Primary"
"Chemical Addition (Ferric Chloride), Secondary","Chemical Addition (Ferric Chloride), Secondary"
"Chemical Addition (Ferric Chloride), Tertiary","Chemical Addition (Ferric Chloride), Tertiary"
Chemical Addition (Polymer),Chemical Addition (Polymer)
Chemical Addition (Other),Chemical Addition (Other)
"Chemical Addition (Other), Primary","Chemical Addition (Other), Primary"
"Sedimentation, Chemical Precipitation",Chemical Precipitation/Sedimentation
Chiseling and Subsoiling (AC) (324),Chiseling and Subsoiling (AC) (324)
Chlorinate Oxidation (Purifax),Chlorinate Oxidation (Purifax)
"Disinfection, Chlorination",Chlorination
"Clarification, Tube Settlers",Clarification Using Tube Settlers
"Clarification, In-Channel","Clarification, In-Channel"
"Clarification, Intermediate","Clarification, Intermediate"
"Clarification, Other","Clarification, Other"
"Clarification, Secondary","Clarification, Secondary"
"Clarification, Tube Settlers","Clarification, Tube Settlers"
Biosolids Co-Incineration With Solid Waste,Co-Incineration With Solid Waste
Collectors,Collectors
Neutralization,Combined Biological Nitrification And BOD Reductn
Comminution,Comminution
Composting Facility (NO.) (317),Composting Facility (NO.) (317)
Conservation Cover (AC) (327),Conservation Cover (AC) (327)
Conservation Crop Rotation (AC) (328),Conservation Crop Rotation (AC) (328)
Constructed Wetlands,Constructed Wetlands
Constructed Wetlands (Resource Extraction),Constructed Wetlands (Resource Extraction)
Construction Entrance,Construction Entrance
Erosion Control (Contour Buffer Strips) (Acres) (332),Contour Buffer Strips (332)
Erosion Control (Contour Farming) (Acres) (330),Contour Farming (AC) (330)
Control/Lab/Maintenance Building,Control/Lab/Maintenance Building
Controlled Drainage (AC) (335),Controlled Drainage (AC) (335)
Co-Pyrolysis With Solid Waste,Co-Pyrolysis With Solid Waste
Cover and Green Manure Crop (AC) (340),Cover and Green Manure Crop (AC) (340)
Critical Area Planting (AC) (342),Critical Area Planting (AC) (342)
Custom Built Plant,Custom Built Plant
Dechlorination,Dechlorination
"Dechlorination, Sulphur Dioxide","Dechlorination, Sulphur Dioxide"
"Dechlorination, Bisulphite","Dechlorination, Bisulphite"
"Filter, Denitrification with Coarse Media",Denitrification Filter - Coarse Media
"Filter, Denitrification with Fine Media",Denitrification Filter - Fine Media
Design/Install Constructed Wetlands,Design/Install Constructed Wetlands
"Design/Install Infil Sys (Swales, Filter Strips)","Design/Install Infil Sys (Swales, Filter Strips)"
Detention Berms,Detention Berms
Develop&Implement Spill Prevention & Control Plan,Develop&Implement Spill Prevention & Control Plan
Dewatering assc. w/Grit Removal,Dewatering assc. w/Grit Removal
Biosolids Digestor Gas Utilization Facilities,Digestor Gas Utilization Facilities
Dike (FT) (356),Dike (FT) (356)
"Disinfection, Breakpoint Chlorination","Disinfection, Breakpoint Chlorination"
"Disinfection, Chlorination","Disinfection, Chlorination"
"Disinfection, Gaseous Chloride","Disinfection, Gaseous Chloride"
"Disinfection, Gaseous Chloride","Disinfection, Gaseous Chlorine"
Disinfection Hypochlorite Bisulfite,Disinfection Hypochlorite Bisulfite
"Disinfection, Liquid Chloride","Disinfection, Liquid Chloride"
"Disinfection, Liquid Chloride","Disinfection, Liquid Chlorine"
"Disinfection, Other","Disinfection, Other"
"Disinfection, Other Chemical","Disinfection, Other Chemical"
"Disinfection, Ozonation","Disinfection, Ozonation"
"Disinfection, Sodium Hypochlorite","Disinfection, Sodium Hypochlorite"
"Disinfection, Ultraviolet","Disinfection, Ultraviolet"
"Disinfection, UV Radiation","Disinfection, UV Radiation"
"Biosolids Thickening, Dissolved Air Flotation",Dissolved Air Flotation Thickening
Biosolids Distribution And/Or Marketing of Biosolids,Distribution And/Or Marketing Of Biosolids
Diversion (FT)(362),Diversion (FT)(362)
Diversions,Diversions
Drainage (Subsurface) (Feet) (606),Drainage (Subsurface) (Feet) (606)
"Drainage (Surface, Main or Lateral) (Feet) (608)","Drainage (Surface, Main or Lateral) (Feet) (608)"
Dry Detention Practices,Dry Detention Practices
Duckweed (Lemna),Duckweed (Lemna)
Membrane Process (Electrodialysis),Electrodialysis
Biosolids Elutriation,Elutriation
"Equalization, at POTW",Equalization At POTW
"Equalization, at POTW","Equalization, at POTW"
"Equalization, at POTW","Equalization, At POTW"
"Equalization, Flow","Equalization, Flow"
Erosion Control (Contour Buffer Strips) (Acres) (332),Erosion Control (Contour Buffer Strips) (Acres) (332)
Erosion Control (Contour Farming) (Acres) (330),Erosion Control (Contour Farming) (Acres) (330)
Erosion Control Blanket,Erosion Control Blanket
Evaporation,Evaporation
Evapotranspiration Bed,Evapotranspiration Bed
Extended Detention Ponds,Extended Detention Ponds
"Lagoon, Facultative",Facultative Lagoon
Fence (FT) (382),Fence (FT) (382)
"Chemical Addition (Ferric Chloride), Primary",Ferric Chloride Addition - Primary
"Chemical Addition (Ferric Chloride), Secondary",Ferric Chloride Addition - Secondary
"Chemical Addition (Ferric Chloride), Tertiary",Ferric Chloride Addition - Tertiary
Biosolids Chemical Addition (Ferric Chloride),Ferric Chloride Addition To Biosolids
Field Border (FT) (386),Field Border (FT) (386)
Filter (Activated Bio-),Filter (Activated Bio-)
"Filter, Other",Filter
Filter (Sand/Gravel-Pretreatment),Filter (Sand/Gravel-Pretreatment)
Filter (Sand-Intermittent),Filter (Sand-Intermittent)
Filter (Sand-Recirculating),Filter (Sand-Recirculating)
"Filter, Anaerobic","Filter, Anaerobic"
"Filter, Slow Sand","Filter , Slow Sand"
Filter Fabric Fence,Filter Fabric Fence
"Filter (Gravity Sand Beds, single media)","Filter (Gravity Sand Beds, single media)"
Filter Strip (AC) (393A),Filter Strip (AC) (393A)
"Filter, Denitrification with Coarse Media","Filter, Denitrification with Coarse Media"
"Filter, Denitrification with Fine Media","Filter, Denitrification with Fine Media"
"Filter, Mixed Media","Filter, Mixed Media"
"Filter, Moving Bed","Filter, Moving Bed"
"Filter, Other","Filter, Other"
"Filter, Pressure","Filter, Pressure"
"Filter, Rapid Sand","Filter, Rapid Sand"
"Filter, Rock","Filter, Rock"
"Filter, Slow Sand","Filter, Slow Sand"
Filtration Basins And Sand Filters,Filtration Basins And Sand Filters
Filtration Systems,Filtration Systems
Screen (Fine and Microstrainers),Fine Screens & Microstrainers
Fire Management,Fire Management
Firebreak (FT) (394),Firebreak (FT) (394)
"Fish Raceway or Tank (M, FT and M3/S, FT3/S) (398)","Fish Raceway or Tank (M, FT and M3/S, FT3/S) (398)"
Fish Stream Improvement (FT) (395),Fish Stream Improvement (FT) (395)
Flocculation,Flocculation
Floodwater Diversion (FT) (400),Floodwater Diversion (FT) (400)
Floodway (FT) (404),Floodway (FT) (404)
Flotation,Flotation
"Equalization, Flow",Flow Equalization
Forage Harvest Management (AC)(511),Forage Harvest Management (AC)(511)
Force Main,Force Main
Forest Harvest Trails and Landings (AC) (655),Forest Harvest Trails and Landings (AC) (655)
Forest Site Preparation (AC) (490),Forest Site Preparation (AC) (490)
Freesurface/Wetland (Marsh System),Forest Stand Improvement (AC) (666)
Freesurface/Wetland (Marsh System),Freesurface/Wetland (Marsh System)
Freesurface/Wetland(Marsh System),Freesurface/Wetland(Marsh System)
Freezing,Freezing
Fully Automated Using Analog Controls,Fully Automated Using Analog Controls
Fully Automated Using Digital Control,Fully Automated Using Digital Control
"Disinfection, Gaseous Chloride",Gaseous Chlorine Disinfection
Grade Stabilization Structure (NO.)(410),Grade Stabilization Structure (NO.)(410)
Grassed Swales,Grassed Swales
Grassed Waterway (AC) (412),Grassed Waterway (AC) (412)
Gravity,Gravity
"Biosolids Thickening, Gravity",Gravity Thickening
Grazing Land Mechanical Treatment (AC) (548),Grazing Land Mechanical Treatment (AC) (548)
Grinder Pump- Low Pressure Sewer,Grinder Pump- Low Pressure Sewer
Grit Removal,Grit Removal
"Growth Process, Other Attached","Growth Process, Other Attached"
"Growth Process, Other Suspended","Growth Process, Other Suspended"
Biosolids Heat Drying,Heat Drying
Biosolids Heat Recovery and Utilization,Heat Recovery And Utilization
Biosolods (Heat Treatment),Heat Treatment
Heavy Use Area Protection (AC) (561),Heavy Use Area Protection (AC) (561)
Herbaceous Wind Barriers (FT) (422A),Herbaceous Wind Barriers (FT) (422A)
Hillside Ditch (FT) (423),Hillside Ditch (FT) (423)
Holding Tank,Holding Tank
I/I Controls,I/I Controls
Imhoff Tank,Imhoff Tank
"Clarification, In-Channel",In-Channel Clarification
"Biosolids Incineration, Fluidized Bed",Incineration - Fluidized Bed
"Biosolids Incineration, Multiple Hearth",Incineration - Multiple Hearth
Incineration - Rotary Kiln,Incineration - Rotary Kiln
Infiltration Basins,Infiltration Basins
Influent Pumping,Influent Pumping
Inlet Protection,Inlet Protection
Storage (In-line),In-Line Storage
In-System Modifications,In-System Modifications
Interceptors,Interceptors
"Clarification, Intermediate",Intermediate Clarification
Ion Exchange,Ion Exchange
"Irrig H2O Conv (FT), Pipe, HP, Udg Plastic (430DD)","Irrig H2O Conv (FT), Pipe, HP, Udg Plastic (430DD)"
"Irrig H2O Conv, Pipe, Rigid Gated Pipe (430HH)","Irrig H2O Conv, Pipe, Rigid Gated Pipe (430HH)"
"Irrig H2O Conv, Pipe, Steel (430FF)","Irrig H2O Conv, Pipe, Steel (430FF)"
Irrigat. Canal or Lateral (FT) (320),Irrigat. Canal or Lateral (FT) (320)
Irrigat. Land Leveling (AC) (464),Irrigat. Land Leveling (AC) (464)
Irrigat. Storage Reserv. (NO. ANDAC-FT) (436),Irrigat. Storage Reserv. (NO. ANDAC-FT) (436)
"Irrigat. Sys. (NO.+AC), Sprinkler (442)","Irrigat. Sys. (NO.+AC), Sprinkler (442)"
"Irrigat. Sys., Tailwater Recovery (NO.) (447)","Irrigat. Sys., Tailwater Recovery (NO.) (447)"
"Irrigat. System (NO. AND AC), Trickle (441)","Irrigat. System (NO. AND AC), Trickle (441)"
Irrigation Water Management (AC)(449),Irrigation Water Management (AC)(449)
"Lagoon, Other",Lagoon
"Lagoon, Aerated","Lagoon, Aerated"
"Lagoon, Anaerobic","Lagoon, Anaerobic"
"Lagoon, Facultative","Lagoon, Facultative"
"Lagoon, Other","Lagoon, Natural (Large Area)"
"Lagoon, Other","Lagoon, Other"
"Lagoon, Polishing","Lagoon, Polishing"
Land Acquisition,Land Acquisition
Land Acquisition,"Land Application, Other"
"Land Application, Slow Rate, W/O Underdrain","Land Application, Slow Rate, W/O Underdrain"
"Land Application, Slow Rate, With Underdrain","Land Application, Slow Rate, With Underdrain"
"Land Recl, Landslide Treat (NO. AND HA, AC) (453)","Land Recl, Landslide Treat (NO. AND HA, AC) (453)"
"Land Recl, Toxic Discharge Control (NO.) (455)","Land Recl, Toxic Discharge Control (NO.) (455)"
"Land Recon, Abandoned Mined Land (AC) (543)","Land Recon, Abandoned Mined Land (AC) (543)"
Biosolids Land Application (Spreading),Land Spreading
Land Treatment,Land Treatment
Landfill Cap,Landfill Cap
Biosolids Landfill/Trenching,Landfill/Trenching
Leach Field (Multiple Unit with Soil Absorption),Leach Field (Multiple Unit with Soil Absorption)
Leach Field (Standard),Leach Field (Standard)
Biosolids Lime Stabilization,Lime Stabililization
Lime Treatment,Lime Treatment
"Lime Treatment, Single Stage Primary","Lime Treatment, Single Stage Primary"
"Lime Treatment, Single Stage Tertiary","Lime Treatment, Single Stage Tertiary"
"Lime Treatment, Two Stage Primary","Lime Treatment, Two Stage Primary"
"Lime Treatment, Two Stage Tertiary","Lime Treatment, Two Stage Tertiary"
Lined Waterway or Outlet (FT) (468),Lined Waterway or Outlet (FT) (468)
"Disinfection, Liquid Chloride",Liquid Chlorine Disinfection
Manually Controlled,Manually Controlled
Manure Transfer (NO) (634),Manure Transfer (NO) (634)
"Screen, Mechanical Bar",Mechanical Bar Screens
Mechanical Dewatering,Mechanical Dewatering
Biosolids Mechanical Dewatering (Centrifuge),Mechanical Dewatering - Centrifuge
Biosolids Mechanical Dewatering (Pressure Filter),Mechanical Dewatering - Pressure Filter
Biosolids Mechanical Dewatering (Vacuum Filter),Mechanical Dewatering - Vacuum Filter
Biosolids Mechanical Dewatering (Filter Press),Mechanical Dewatering -Filter Press
Membrane Process (Other),Membrane Process (Other)
Membrane Process (Dialysis),Membrane Process (Dialysis)
Membrane Process (Electrodialysis),Membrane Process (Electrodialysis)
Membrane Process (Reverse Osmosis),Membrane Process (Reverse Osmosis)
"Microstrainer, Primary",Microstrainer - Primary
"Microstrainer, Secondary",Microstrainer - Secondary
"Microstrainer, Primary","Microstrainer, Primary"
"Microstrainer, Secondary","Microstrainer, Secondary"
"Filter, Mixed Media",Mixed Media Filter
Mound System,Mound System
"Filter, Moving Bed",Moving Bed Filter
Mulching (AC) (484),Mulching (AC) (484)
Leach Field (Multiple Unit with Soil Absorption),Multiple Unit Leach Field (Soil Absorption)
Neutralization,Neutralization
"Nitrification, Biological (Combined and BOD Reduction)","Nitrification, Biological (Combined and BOD Reduction)"
"Nitrification, Biological (Other)","Nitrification, Biological (Other)"
"Nitrification, Biological (Separate Stage)","Nitrification, Biological (Separate Stage)"
"Nitrification, Biological (Separate Stage)",Nutrient Management (AC) (590)
Ocean Disposal Of Biosolids,Ocean Disposal Of Biosolids
"Storage (Off-line, e.g. Retention Basins)",Off-Line Storage
Open Channel (FT) (582),Open Channel (FT) (582)
"Growth Process, Other Attached",Other Attached Growth Process
Biosolids Disposal (Other),Other Biosolids Disposal
Biosolids Other Treatment,Other Biosolids Treatment
Other Chemical Addition,Other Chemical Addition
"Disinfection, Other Chemical",Other Chemical Disinfection
Other Chemical Treatment,Other Chemical Treatment
Other Collection,Other Collection
Biosolids Other Dewatering,Other Dewatering
"Disinfection, Other",Other Disinfection
"Filter, Other",Other Filtration
Biosolids Incineration (Other),Other Incineration
Other Land Treatment System,Other Land Treatment System
Other Non-Centralized Sewer,Other Non-Centralized Sewer
Other Non-Centralized Treatment,Other Non-Centralized Treatment
Other Physical Treatment,Other Physical Treatment
Other Physical/Chemical,Other Physical/Chemical
Other Physical-Chemical Treatment,Other Physical-Chemical Treatment
Other Preliminary Or Primary Treatment,Other Preliminary Or Primary Treatment
Other Screening,Other Screening
Other Sewer System Rehabilitation,Other Sewer System Rehabilitation
Storage (Other),Other Storage
"Growth Process, Other Suspended",Other Suspended Growth Process
Outfall Diffuser,Outfall Diffuser
Outfall Pumping,Outfall Pumping
Overland Flow System,Overland Flow System
Reactor (Oxidation Ditch),Oxidation Ditch
"Disinfection, Ozonation",Ozonation
Package Plant (Other),Package Plant
Package Plant (Other),Package Plant (Other)
"Package Plant, Rotating Biological Contractor (RBC)","Package Plant, Rotating Biological Contactor (RBC)"
"Package Plant, Rotating Biological Contractor (RBC)","Package Plant, Rotating Biological Contractor (RBC)"
Pasture and Hay Planting (AC) (512),Pasture and Hay Planting (AC) (512)
Permanent Vegetative Cover,Permanent Vegetative Cover
Pest Management (AC) (595A),Pest Management (AC) (595A)
Pesticide Management Plans,Pesticide Management Plans
"Phosphorus Removal, Biological","Phosphorus Removal, Biological"
"Phosphorus Removal, Biological (Modified Bardenpho)","Phosphorus Removal, Biological (Modified Bardenpho)"
"Phosphorus Removal, Biological (Phostrip)","Phosphorus Removal, Biological (Phostrip)"
"Phosphorus Removal, Chemical","Phosphorus Removal, Chemical"
Pipeline (FT) (516),Pipeline (FT) (516)
"Lagoon, Polishing",Polishing Lagoon
Chemical Addition (Polymer),Polymer Addition
Biosolids Chemical Addition (Polymer),Polymer Addition To Biosolids
Pond (NO.) (378),Pond (NO.) (378)
Pond Sealing/Bentonite Sealant (521C),Pond Sealing/Bentonite Sealant (521C)
"Pond, Stabilization","Pond, Stabilization"
"Pond, Total Containment","Pond, Total Containment"
Post Aeration,Post Aeration
Preaeration,Preaeration
Precision Land Forming (AC) (462),Precision Land Forming (AC) (462)
Prescribed Burning (AC) (338),Prescribed Burning (AC) (338)
Prescribed Grazing (AC) (528A),Prescribed Grazing (AC) (528A)
"Filter, Pressure",Pressure Filter
Filter (Sand/Gravel-Pretreatment),Pretreating Sand/Gravel Filter
"Sedimentation, Primary",Primary Sedimentation
"Properly Store, Apply & Dispose Of Petrol. Product","Properly Store, Apply & Dispose Of Petrol. Product"
Pump Station,Pump Station
Pump Stations,Pump Stations
Pumping Plant for Water Control (NO.) (533),Pumping Plant for Water Control (NO.) (533)
"Pumping, Influent","Pumping, Influent"
"Pumping, Effluent","Pumping, Effluent"
Pyrolysis,Pyrolysis
Range Planting (AC) (550),Range Planting (AC) (550)
"Rapid Infiltration System, W/O Underdrain",Rapid Infiltration System - No Underdrain
"Rapid Infiltration System, With Underdrain",Rapid Infiltration System W/Underdrain
"Rapid Infiltration System, W/O Underdrain","Rapid Infiltration System, W/O Underdrain"
"Rapid Infiltration System, With Underdrain","Rapid Infiltration System, With Underdrain"
"Filter, Rapid Sand",Rapid Sand Filter
Reactor (Fixed Film),Reactor (Fixed Film)
"Reactor, Other","Reactor, Other"
Reactor (Oxidation Ditch),Reactor (Oxidation Ditch)
"Reactor, Sequencing Batch (SBR)","Reactor, Sequencing Batch (SBR)"
"Reactor, Vertical Loop","Reactor, Vertical Loop"
Recalcination,Recalcination
Recarbonation,Recarbonation
Recreation Area Improvement (AC) (562),Recreation Area Improvement (AC) (562)
Recreation Land Grading and Shaping (AC) (566),Recreation Land Grading and Shaping (AC) (566)
Recreation Trail and Walkway (FT) (568),Recreation Trail and Walkway (FT) (568)
Reduction,Reduction
Photovoltaic Systems (Renewable Energy),Renewable Energy Photovoltaic Systems
"Residue Management, Mulch Till (AC) (329B)","Residue Management, Mulch Till (AC) (329B)"
"Residue Management, No/Strip-Till (AC) (329A)","Residue Management, No/Strip-Till (AC) (329A)"
"Residue Management, Ridge Till (AC) (329C)","Residue Management, Ridge Till (AC) (329C)"
"Residue Management, Seasonal (AC) (344)","Residue Management, Seasonal (AC) (344)"
Restore Wetlands/Riparian Areas,Restore Wetlands/Riparian Areas
Retention Ponds,Retention Ponds
Revegetation Of Disturbed Areas,Revegetation Of Disturbed Areas
Membrane Process (Reverse Osmosis),Reverse Osmosis
Riparian Forest Buffer (AC) (391A),Riparian Forest Buffer (AC) (391A)
Riprap/Gabions,Riprap/Gabions
Road Construction/Reconstruction,Road Construction/Reconstruction
Road Management,Road Management
Rock Barrier (FT) (555),Rock Barrier (FT) (555)
"Filter, Rock",Rock Filter
Roof Runoff Management (NO.) (558),Roof Runoff Management (NO.) (558)
Rotating Biological Contractors,Rotating Biological Contactor (RBC)
Rotating Biological Contractors,Rotating Biological Contractors
Runoff Management System (NO. AND AC) (570),Runoff Management System (NO. AND AC) (570)
Filter (Sand-Intermittent),Sand Filtration/Intermittent
Filter (Sand-Recirculating),Sand Filtration/Recirculating
Screen (Bar Rack and Coarse),Screen (Bar Rack and Coarse)
Screen (Fine and Microstrainers),Screen (Fine and Microstrainers)
"Screen, Bar","Screen, Bar"
"Screen, Mechanical Bar","Screen, Mechanical Bar"
Scum Removal,Scum Removal
"Clarification, Secondary",Secondary Clarification
Sediment Basin (NO.) (350),Sediment Basin (NO.) (350)
Sediment Basins,Sediment Basins
Sediment Trap,Sediment Trap
Sediment Trap (Resource Extraction),Sediment Trap (Resource Extraction)
Sedimentation,Sedimentation
"Sedimentation, Chemical Precipitation","Sedimentation, Chemical Precipitation"
"Sedimentation, Primary","Sedimentation, Primary"
"Sedimentation, Other","Sedimentation, Other"
Seed And Fertilize,Seed And Fertilize
Seeding/Revegetation,Seeding/Revegetation
Seeding/Revegetation (Resource Extraction),Seeding/Revegetation (Resource Extraction)
Semi-automated,Semi-automated
Semi-package Plant,Semi-package Plant
Septage Receiving Facility,Septage Receiving Facility
Septage Treatment - Separate Stage,Septage Treatment - Separate Stage
Septic Tank,Septic Tank
Septic Tank Effluent Pump Sewer System,Septic Tank Effluent Pump Sewer System
"Reactor, Sequencing Batch (SBR)",Sequencing Batch Reactor (SBR)
Settling Tank,Settling Tank
Sewer System Separation,Sewer System Separation
Shore Erosion Control,Shore Erosion Control
"Lime Treatment, Single Stage Primary",Single Stage Primary Lime Treatment
"Lime Treatment, Single Stage Tertiary",Single Stage Tertiary Lime Treatment
Site Preparation And Forest Regeneration,Site Preparation And Forest Regeneration
Slope Drains,Slope Drains
"Land Application, Slow Rate, W/O Underdrain",Slow Rate Application System - No Underdrain
"Land Application, Slow Rate, With Underdrain",Slow Rate Land Application System W/Underdrain
"Filter, Slow Sand",Slow Sand Filter
Small Diameter Gravity Sewer,Small Diameter Gravity Sewer
Soil Bioengineering,Soil Bioengineering
Spill Prevention And Contingency Plan,Spill Prevention And Contingency Plan
Spring Development (NO.) (574),Spring Development (NO.) (574)
"Pond, Stabilization",Stabilization Pond
Leach Field (Standard),Standard Leach Field
Storage (In-line),Storage (In-line)
Storage (Lagoon),Storage (Lagoon)
"Storage (Off-line, e.g. Retention Basins)",Storage (Off-line)
"Storage (Off-line, e.g. Retention Basins)","Storage (Off-line, e.g. Retention Basins)"
Storage (Other),Storage (Other)
"Store, Cover, And Isolate Construction Materials.","Store, Cover, And Isolate Construction Materials."
Straw Bale Barrier,Straw Bale Barrier
Stream Channel Stabilization (FT) (584),Stream Channel Stabilization (FT) (584)
Streambank and Shoreline Protection (FT) (580),Streambank and Shoreline Protection (FT) (580)
Streamside Management Areas (SMAs),Streamside Management Areas (SMAs)
Structure for Water Control (NO.) (587),Structure for Water Control (NO.) (587)
Drainage (Subsurface) (Feet) (606),Subsurface Drain (FT) (606)
Subsurface Flow,Subsurface Flow
"Drainage (Surface, Main or Lateral) (Feet) (608)","Surface Drainage (FT), Main or Lateral (608)"
Swirl Concentrators,Swirl Concentrator
Swirl Concentrators,Swirl Concentrators
Temporary Vegetative Cover,Temporary Vegetative Cover
Terrace (FT) (600),Terrace (FT) (600)
Tidegate/Regulator Maintenance,Tidegate/Regulator Maintenance
Timber Harvesting,Timber Harvesting
"Pond, Total Containment",Total Containment Pond
Tree/Shrub Establishment (AC) (612),Tree/Shrub Establishment (AC) (612)
Trickling Filter,Trickling Filter
"Trickling Filter, Other Media",Trickling Filter - Other Media
"Trickling Filter, Plastic Media",Trickling Filter - Plastic Media
"Trickling Filter, Redwood Slats",Trickling Filter - Redwood Slats
"Trickling Filter, Rock Media",Trickling Filter - Rock Media
"Trickling Filter, Biofilter","Trickling Filter, Biofilter"
"Trickling Filter, Other Media","Trickling Filter, Other Media"
"Trickling Filter, Plastic Media","Trickling Filter, Plastic Media"
"Trickling Filter, Redwood Slats","Trickling Filter, Redwood Slats"
"Trickling Filter, Rock Media","Trickling Filter, Rock Media"
Trough or Tank (NO.) (614),Trough or Tank (NO.) (614)
"Lime Treatment, Two Stage Primary",Two Stage Primary Lime Treatment
"Lime Treatment, Two Stage Tertiary",Two Stage Tertiary Lime Treatment
"Disinfection, Ultraviolet",Ultraviolet Disinfection
Underground Outlet (FT) (620),Underground Outlet (FT) (620)
Use Exclusion (AC) (472),Use Exclusion (AC) (472)
"Disinfection, UV Radiation",UV Radiation (Disinfection)
Vacuum Sewer,Vacuum Sewer
Vegetated Filter Strips,Vegetated Filter Strips
Vegetated Filter Strips (Structural),Vegetated Filter Strips (Structural)
Vegetative Barriers Vertical Drain (NO.) (630),Vegetative Barriers Vertical Drain (NO.) (630)
"Reactor, Vertical Loop",Vertical Loop Reactor
Vortex Solids Separators,Vortex Solids Separator
Vortex Solids Separators,Vortex Solids Separators
Waste Disposal Facilities,Waste Disposal Facilities
Waste Management System (NO.) (312),Waste Management System (NO.) (312)
Waste Storage Facility (NO.) (313),Waste Storage Facility (NO.) (313)
Waste Treatment Lagoon (NO.) (359),Waste Treatment Lagoon (NO.) (359)
Waste Utilization (AC) (633),Waste Utilization (AC) (633)
Water and Sediment Control Basin (NO.) (638),Water and Sediment Control Basin (NO.) (638)
Well (NO.) (642),Well (NO.) (642)
Biosolids Wet Air Oxidation,Wet Air Oxidation
Wet Detention Practices,Wet Detention Practices
Wet Ponds,Wet Ponds
Wetland Development or Restoration (AC) (657),Wetland Development or Restoration (AC) (657)
Wetland (Surface),Wetland (Surface)
Wildlife Upland Habitat Management (AC) (645),Wildlife Upland Habitat Management (AC) (645)
Wildlife Wetland Habitat Management (AC) (644),Wildlife Wetland Habitat Management (AC) (644)
Wind Erosion Controls,Wind Erosion Controls
Windbreak/Shelterbelt Establishment (FT) (380),Windbreak/Shelterbelt Establishment (FT) (380)
Aerobic membrane bioreactor,Membrane bioreactor
